Career,Description,Suitable Interests,Suitable Skills,Avg Salary,Growth Outlook,Resource
Software Engineer,Develop and maintain software systems,"Technology,Engineering","Coding,Problem-solving,Python,C,C++","₹12,00,000",High,https://www.coursera.org/courses?query=software%20engineering
Doctor,Diagnose and treat illnesses,"Science,Healthcare","Empathy,Problem-solving","₹15,00,000",High,https://www.iesonline.co.in/medical-colleges-in-bangalore-courses
Teacher,Educate students in various subjects,"Social Work,Arts","Communication,Leadership","₹4,50,000",Medium,https://www.asiancollegeofteachers.com/ITD-Bangalore-Campaign/
Civil Engineer,Design and oversee infrastructure projects,"Engineering,Technology","Design,Problem-solving","₹6,00,000",High,https://www.shiksha.com/engineering/civil-engineering-chp
Accountant,Manage financial records and statements,"Business,Commerce","Mathematics,Attention to detail","₹5,00,000",Medium,https://www.coursera.org/courses?query=accounting
Graphic Designer,Create visual concepts,"Arts,Technology","Creativity,Design","₹4,20,000",Medium,https://www.udemy.com/topic/graphic-design/
Lawyer,Represent clients in legal matters,"Social Work,Business","Communication,Problem-solving","₹10,00,000",High,https://www.shiksha.com/law-chp
Mechanical Engineer,Develop mechanical systems,"Engineering,Technology","Design,Problem-solving","₹6,50,000",Medium,https://www.shiksha.com/engineering/mechanical-engineering-chp
Journalist,Report news and stories,"Arts,Social Work","Writing,Communication","₹4,80,000",Medium,https://www.shiksha.com/mass-communication-media/journalism/colleges/colleges-bangalore
Pharmacist,Dispense medications and advise patients,"Healthcare,Science","Attention to detail,Communication","₹5,50,000",Medium,https://www.shiksha.com/medicine-health-sciences/pharmacy-course-chp
UX Designer,Design user-friendly interfaces,"Technology,Arts","Creativity,Design,Frontend","₹9,00,000",High,https://www.coursera.org/courses?query=ux%20design
Psychologist,Study mental processes and behavior,"Social Work,Science","Empathy,Communication","₹6,00,000",High,https://www.coursera.org/browse/health/psychology
Data Scientist,Analyze complex data sets,"Technology,Science","Coding,Problem-solving,SQL","₹14,00,000",High,https://www.coursera.org/browse/data-science
Dentist,Provide oral health care,"Science,Healthcare","Attention to detail,Empathy","₹10,00,000",High,https://www.shiksha.com/medicine-health-sciences/dental-chp
Interior Designer,Design interior spaces,"Arts,Engineering","Creativity,Design","₹5,00,000",Medium,https://www.shiksha.com/design/interior-design/colleges/colleges-bangalore
Nurse,Assist in patient care,"Healthcare,Social Work","Empathy,Communication","₹4,00,000",High,https://www.shiksha.com/nursing/colleges/colleges-bangalore
Chartered Accountant,Handle auditing and financial planning,"Commerce,Business","Mathematics,Problem-solving","₹9,50,000",High,https://www.shiksha.com/accounting-commerce/chartered-accountancy-chp
Environmental Scientist,Study environmental issues,"Science,Engineering","Research,Problem-solving","₹7,00,000",Medium,https://www.coursera.org/courses?query=environmental%20science
Animator,Create animations and graphics,"Arts,Technology","Creativity,Design","₹4,80,000",Medium,https://www.udemy.com/topic/animation/
Chef,Prepare and cook meals,"Arts,Business","Creativity,Leadership","₹4,00,000",Medium,https://www.bangaloreculinaryinstitute.com/
Pilot,Fly aircraft,"Science,Technology","Decision-making,Focus","₹15,00,000",High,https://www.shiksha.com/aviation/pilot-course-chp
Event Manager,Plan and coordinate events,"Business,Arts","Leadership,Communication","₹5,00,000",Medium,https://www.shiksha.com/hospitality-travel/event-management/colleges/colleges-bangalore
Fashion Designer,Design clothing and accessories,"Arts,Business","Creativity,Design","₹6,00,000",Medium,https://www.shiksha.com/design/fashion-design/colleges/colleges-bangalore
IT Support Specialist,Provide tech support,"Technology,Engineering","Problem-solving,Communication","₹4,50,000",Medium,https://www.coursera.org/courses?query=it%20support
Entrepreneur,Start and manage businesses,"Business,Technology","Leadership,Creativity",Varies,High,https://www.coursera.org/browse/business/entrepreneurship
Biotechnologist,Use biology and tech for solutions,"Science,Technology","Research,Problem-solving","₹7,50,000",High,https://www.shiksha.com/science/biotechnology-course-chp
Statistician,Analyze statistical data,"Science,Commerce","Mathematics,Problem-solving","₹8,00,000",High,https://www.coursera.org/courses?query=statistics
Architect,Design buildings,"Arts,Engineering","Creativity,Design","₹7,00,000",High,https://www.shiksha.com/architecture-planning/colleges/colleges-bangalore
Digital Marketer,Promote products online,"Business,Technology","Creativity,Communication","₹6,00,000",High,https://www.udemy.com/course/learn-digital-marketing-course/
Veterinarian,Treat animals,"Science,Healthcare","Empathy,Problem-solving","₹5,50,000",Medium,https://www.shiksha.com/science/veterinary-science-chp
Physiotherapist,Help recover physical health,"Healthcare,Science","Empathy,Knowledge of anatomy","₹4,80,000",Medium,https://www.shiksha.com/medicine-health-sciences/physiotherapy/colleges/colleges-bangalore
Social Worker,Support vulnerable populations,"Social Work,Arts","Empathy,Communication","₹3,50,000",Medium,https://www.shiksha.com/humanities-social-sciences/social-work/colleges/colleges-bangalore
Content Writer,Write content for media and web,"Arts,Technology","Writing,Creativity","₹4,00,000",Medium,https://www.coursera.org/courses?query=content%20writing
Geologist,Study earth materials,"Science,Engineering","Research,Field work","₹6,00,000",Medium,https://www.coursera.org/courses?query=geology
Librarian,Manage library resources,"Arts,Social Work","Organization,Communication","₹3,50,000",Low,https://www.shiksha.com/b-lib-sc-bachelor-of-library-science-chp
Archaeologist,Study human history via artifacts,"Arts,Science","Research,Field work","₹5,00,000",Low,https://www.coursera.org/courses?query=archaeology
Fitness Trainer,Help clients stay fit,"Healthcare,Social Work","Motivation,Knowledge of fitness","₹3,00,000",Medium,https://www.superprof.co.in/lessons/sports-coach/bengaluru/
Economist,Study economy and markets,"Commerce,Science","Research,Mathematics","₹10,00,000",High,https://www.topuniversities.com/courses/economics-econometrics/guide
Cybersecurity Analyst,Protect systems from threats,"Technology,Engineering","Problem-solving,Coding","₹12,00,000",High,https://www.coursera.org/professional-certificates/ibm-cybersecurity-analyst
Game Developer,Create video games,"Technology,Arts","Coding,Creativity","₹8,00,000",High,https://www.udemy.com/courses/development/game-development/
PR Specialist,Manage public image of clients,"Business,Arts","Communication,Creativity","₹6,00,000",Medium,https://www.digitalprcourse.com/
Air Traffic Controller,Manage air traffic,"Science,Technology","Focus,Decision-making","₹10,00,000",High,https://catc.aai.aero/en/course/atm
Logistics Manager,Oversee supply chains,"Business,Engineering","Organization,Problem-solving","₹7,00,000",Medium,https://www.coursera.org/courses?query=logistics
Zoologist,Study animals and ecosystems,"Science,Arts","Research,Empathy","₹5,00,000",Medium,https://unity.edu/careers/zoologist/
Web Developer,Build websites and apps,"Technology,Engineering","Coding,Design","₹6,50,000",High,https://infocampus.co.in/web-development-training-in-bangalore.html
HR Manager,Manage employee relations,"Business,Social Work","Leadership,Communication","₹8,00,000",Medium,https://www.coursera.org/courses?query=hr
Astronomer,Study celestial bodies,"Science,Engineering","Research,Mathematics","₹9,00,000",Medium,https://www.coursera.org/courses?query=astronomy
Event Decorator,Design event decor,"Arts,Business","Creativity,Planning","₹3,50,000",Low,https://www.qceventplanning.com/online-event-courses/event-decor
Nutritionist,Advise on diet and nutrition,"Healthcare,Science","Empathy,Communication","₹4,50,000",Medium,https://www.coursera.org/browse/health/nutrition